n,TiempoSec,VarSec,TiempoBin,VarBin,TiempoExp,VarExp 
100,269,2739,57,2651,76,1824
1000,1894,114764,62,2556,79,2259
10000,18974,1.19147e+07,81,3339,96,2184
100000,180314,3.29594e+08,90,1700,129,7259
1000000,1.75779e+06,5.40432e+09,115,1275,219,19939
10000000,1.81081e+07,1.75176e+11,341,106419,629,27459
100000000,1.81234e+08,1.71148e+13,763,51531,2057,1.89405e+07
